{"loss": [0.2065245360136032, 0.04132628068327904, 0.024329151958227158, 0.016005638986825943, 0.011038834229111671, 0.006817417684942484, 0.00623225187882781, 0.005678865592926741, 0.005854472052305937, 0.005573337897658348, 0.006026862189173698, 0.005453107878565788, 0.005572142079472542, 0.005855590105056763, 0.005574071314185858, 0.005671540275216103, 0.005853164475411177, 0.005573776084929705, 0.005616963375359774, 0.0054980856366455555, 0.005731618497520685, 0.005554639734327793, 0.005770591087639332, 0.0052848029881715775, 0.0055670104920864105, 0.005568116437643766, 0.005511339753866196], "mae": [0.3781259059906006, 0.16806408762931824, 0.12836530804634094, 0.10318617522716522, 0.08325239270925522, 0.06336929649114609, 0.06016865000128746, 0.058822017163038254, 0.05990070104598999, 0.05818665400147438, 0.06043228879570961, 0.057017676532268524, 0.05702734366059303, 0.059815432876348495, 0.05892051011323929, 0.05807749554514885, 0.058801572769880295, 0.0566767156124115, 0.056620802730321884, 0.05781439691781998, 0.058679334819316864, 0.057333920150995255, 0.059412453323602676, 0.0574830137193203, 0.05906932055950165, 0.05739075317978859, 0.057918597012758255], "mape": [105487.5703125, 1265478.875, 898159.8125, 908206.4375, 753491.0, 443177.59375, 382510.53125, 420950.375, 373524.71875, 358613.84375, 439927.3125, 424480.78125, 399944.0, 433980.875, 426934.28125, 387715.3125, 336193.625, 386475.0, 356602.6875, 388329.625, 461584.28125, 371730.8125, 412362.0, 310066.96875, 320018.9375, 395436.25, 398141.8125], "val_loss": [0.04526746645569801, 0.05708329752087593, 0.026217907667160034, 0.040392711758613586, 0.01824132911860943, 0.018799392506480217, 0.018569231033325195, 0.018340010195970535, 0.02093498967587948, 0.018965870141983032, 0.01901107467710972, 0.021356891840696335, 0.019368523731827736, 0.01724347472190857, 0.022421250119805336, 0.017829865217208862, 0.017102394253015518, 0.017790071666240692, 0.018063388764858246, 0.01784617081284523, 0.02159966342151165, 0.018399275839328766, 0.019572613760828972, 0.01742536574602127, 0.01749105378985405, 0.01717742718756199, 0.018440773710608482], "val_mae": [0.17710532248020172, 0.20091725885868073, 0.13345205783843994, 0.17153754830360413, 0.1165272444486618, 0.12328055500984192, 0.12312252819538116, 0.12146396189928055, 0.12800414860248566, 0.12282491475343704, 0.12293923646211624, 0.12945568561553955, 0.12376369535923004, 0.11698243021965027, 0.13188543915748596, 0.1195027083158493, 0.11686099320650101, 0.11929572373628616, 0.11991089582443237, 0.11875953525304794, 0.12952958047389984, 0.12049920111894608, 0.12431648373603821, 0.11781692504882812, 0.11772596836090088, 0.11590507626533508, 0.12071996927261353], "val_mape": [172.29197692871094, 188.0511932373047, 127.7983627319336, 153.44256591796875, 96.61014556884766, 89.3171615600586, 86.72077941894531, 89.01111602783203, 97.29037475585938, 91.30274963378906, 91.28498077392578, 97.62844848632812, 92.45182800292969, 84.46611022949219, 100.15209197998047, 87.5968246459961, 85.2182846069336, 87.79633331298828, 89.17398834228516, 88.83985137939453, 98.76253509521484, 89.9471206665039, 93.2761001586914, 85.5489730834961, 86.10929870605469, 86.0851058959961, 90.08356475830078]}