{"loss": [0.01928928680717945, 0.0013354506809264421, 0.0014297229936346412, 0.0012341742403805256, 0.0011466273572295904, 0.0010477874893695116, 0.0009780627442523837, 0.0010536242043599486, 0.0009782182751223445, 0.0008755388553254306, 0.0008258111192844808, 0.0008871116442605853, 0.000789230631198734, 0.0007937349728308618, 0.0007885329541750252, 0.0007159225060604513, 0.0007038601324893534, 0.0007062068325467408, 0.0007259598933160305, 0.0006939135491847992, 0.0008246410870924592, 0.0006882853340357542, 0.0006404333980754018, 0.0005921853589825332, 0.0005868183798156679, 0.0006034092511981726, 0.0005999850109219551, 0.0006121492478996515, 0.000685578677803278, 0.000562329834792763, 0.0005889281164854765, 0.0005610346561297774, 0.0005526603199541569, 0.0004973852774128318, 0.0005597093258984387, 0.000530762888956815, 0.0005319934571161866, 0.0005166498012840748, 0.0005598024581559002, 0.0004964801482856274, 0.00048168227658607066, 0.0004984933184459805, 0.0005028621526435018, 0.0004918117774650455, 0.0005861259996891022, 0.0005115803214721382, 0.00045829592272639275, 0.0005300736520439386, 0.0004885984817519784, 0.0004510971193667501], "mae": [0.09295273572206497, 0.02651592344045639, 0.027532493695616722, 0.025632573291659355, 0.024147281423211098, 0.023147348314523697, 0.022274132817983627, 0.02311267890036106, 0.022324588149785995, 0.021006079390645027, 0.02016533724963665, 0.021167190745472908, 0.01969282701611519, 0.02009447291493416, 0.019957350566983223, 0.018655208870768547, 0.018385523930191994, 0.01835537888109684, 0.018720315769314766, 0.018626807257533073, 0.020605813711881638, 0.018051179125905037, 0.017370257526636124, 0.016710035502910614, 0.01650729775428772, 0.01694677583873272, 0.016725197434425354, 0.0173084307461977, 0.01840853877365589, 0.016236817464232445, 0.01642077974975109, 0.01631149835884571, 0.016032664105296135, 0.015542908571660519, 0.016512492671608925, 0.01615971326828003, 0.016317278146743774, 0.015599483624100685, 0.016834452748298645, 0.015750659629702568, 0.01510950829833746, 0.015714671462774277, 0.015591846778988838, 0.015390117652714252, 0.017190663143992424, 0.015827970579266548, 0.015122083947062492, 0.01631021685898304, 0.01540395151823759, 0.01492190733551979], "mape": [27513.0234375, 33831.9921875, 33857.125, 40311.3359375, 47007.91015625, 37386.8125, 23484.30078125, 51291.17578125, 25140.73828125, 24100.677734375, 32799.71875, 35276.28515625, 31996.93359375, 22346.40234375, 40777.9375, 22956.935546875, 37012.359375, 46038.5, 36559.68359375, 36050.15234375, 28452.80078125, 24032.298828125, 36480.484375, 38919.60546875, 22043.779296875, 44293.375, 45315.78515625, 40613.68359375, 28366.279296875, 38468.03125, 33308.4453125, 26204.966796875, 47792.8828125, 42163.875, 29739.458984375, 28134.283203125, 31577.712890625, 26796.736328125, 39919.6875, 52420.57421875, 29135.66796875, 25575.5234375, 35774.5234375, 8196.0546875, 30879.5078125, 24763.125, 29482.94140625, 31638.537109375, 26818.4296875, 29397.21484375], "val_loss": [0.009483063593506813, 0.007664769422262907, 0.010681463405489922, 0.008306740783154964, 0.011351910419762135, 0.00728933559730649, 0.005720697809010744, 0.006507834419608116, 0.005798050668090582, 0.0038153291679918766, 0.0025763115845620632, 0.0031281367409974337, 0.0025127355474978685, 0.0018354646163061261, 0.0023762111086398363, 0.0018695959588512778, 0.0017405940452590585, 0.004619424231350422, 0.0016666704323142767, 0.00238422816619277, 0.0029831978026777506, 0.005200913641601801, 0.0016577232163399458, 0.002538038417696953, 0.00281038717366755, 0.0015578821767121553, 0.00181399576831609, 0.003405821043998003, 0.001777762663550675, 0.0014742143684998155, 0.001906905323266983, 0.0014444281114265323, 0.0017307971138507128, 0.002434997819364071, 0.0015284138498827815, 0.0017437657807022333, 0.0026279606390744448, 0.005852926522493362, 0.0017079620156437159, 0.0028319309931248426, 0.0012624786468222737, 0.0012716088676825166, 0.0015481342561542988, 0.004593810997903347, 0.0035029978025704622, 0.0016012071864679456, 0.0014077103696763515, 0.002345087705180049, 0.0013919613556936383, 0.0036026742309331894], "val_mae": [0.08703473210334778, 0.07606333494186401, 0.09219290316104889, 0.07968716323375702, 0.09566093236207962, 0.07418294250965118, 0.06528956443071365, 0.07041770219802856, 0.06633487343788147, 0.05292869359254837, 0.04270582273602486, 0.04819643124938011, 0.043009016662836075, 0.033321134746074677, 0.041632700711488724, 0.032605431973934174, 0.03404196724295616, 0.05457005649805069, 0.03260667249560356, 0.03572142869234085, 0.0474940724670887, 0.059575825929641724, 0.03159434348344803, 0.036952994763851166, 0.03952913358807564, 0.03174847364425659, 0.0313415601849556, 0.044999860227108, 0.031130332499742508, 0.030003424733877182, 0.031995631754398346, 0.03120458871126175, 0.03084440343081951, 0.03661198914051056, 0.029111705720424652, 0.030636265873908997, 0.03926825150847435, 0.06678920239210129, 0.03497329354286194, 0.04187048599123955, 0.028418242931365967, 0.028849316760897636, 0.032746776938438416, 0.06073301285505295, 0.04872576519846916, 0.033728718757629395, 0.028046004474163055, 0.03805045038461685, 0.030565530061721802, 0.05286424979567528], "val_mape": [7.586605548858643, 6.603689670562744, 8.016579627990723, 6.918979167938232, 8.326045989990234, 6.444980144500732, 5.691315174102783, 6.136599540710449, 5.792375564575195, 4.651241779327393, 3.801314353942871, 4.263488292694092, 3.8344292640686035, 3.0555272102355957, 3.7181694507598877, 3.0206360816955566, 3.099090576171875, 5.0278520584106445, 2.9865410327911377, 3.3283579349517822, 4.210922718048096, 5.494075298309326, 2.9086899757385254, 3.435286521911621, 3.6780247688293457, 2.904233455657959, 2.9089818000793457, 4.163482189178467, 2.888486862182617, 2.753952980041504, 2.9784369468688965, 2.837186813354492, 2.8492894172668457, 3.381545066833496, 2.690906524658203, 2.8415310382843018, 3.6385741233825684, 6.086393356323242, 3.1218624114990234, 3.881385564804077, 2.576775312423706, 2.603910446166992, 2.9142537117004395, 5.344390869140625, 4.515213489532471, 3.0070300102233887, 2.604198694229126, 3.5463671684265137, 2.728815793991089, 4.647330284118652]}