{"loss": [0.3381199240684509, 0.06447848677635193, 0.06556736677885056, 0.03865102678537369, 0.03307321295142174, 0.029678286984562874, 0.02117115631699562, 0.02169121243059635, 0.01718522608280182, 0.019170863553881645, 0.016827374696731567, 0.01856265589594841, 0.01722549833357334, 0.01599263586103916, 0.01731196604669094, 0.016325760632753372, 0.016346164047718048, 0.016452884301543236, 0.014866483397781849], "mae": [0.5151551961898804, 0.2045551985502243, 0.2139958143234253, 0.16510145366191864, 0.14922749996185303, 0.14099030196666718, 0.11995593458414078, 0.117413729429245, 0.10989371687173843, 0.11676187813282013, 0.10749129951000214, 0.11222793161869049, 0.10985508561134338, 0.10508199036121368, 0.10950612276792526, 0.10460112988948822, 0.10732442140579224, 0.1074865534901619, 0.10008476674556732], "mape": [587289.5625, 2732418.75, 4097863.5, 3229541.75, 2563651.25, 1909178.5, 2205791.0, 1981172.875, 1665886.25, 1343220.75, 1405360.875, 1536425.25, 1686106.0, 1461941.25, 1662004.625, 1520149.375, 1525418.375, 1565986.0, 1619711.625], "val_loss": [0.031591251492500305, 0.13346469402313232, 0.12944620847702026, 0.053578056395053864, 0.03391272947192192, 0.03582896292209625, 0.041397541761398315, 0.030672084540128708, 0.02581123635172844, 0.026228222995996475, 0.027798499912023544, 0.02688206359744072, 0.026564225554466248, 0.02744010090827942, 0.026694905012845993, 0.026541676372289658, 0.027414903044700623, 0.026690883561968803, 0.025931445881724358], "val_mae": [0.166066974401474, 0.32655519247055054, 0.322114497423172, 0.1813608705997467, 0.16156399250030518, 0.1641346663236618, 0.17140109837055206, 0.158170685172081, 0.147140234708786, 0.1483507752418518, 0.15247373282909393, 0.15120255947113037, 0.15082548558712006, 0.15264394879341125, 0.15122807025909424, 0.15102629363536835, 0.15240302681922913, 0.15093445777893066, 0.1491837203502655], "val_mape": [594.8257446289062, 1438.7445068359375, 1396.017333984375, 952.202880859375, 731.09814453125, 723.5809936523438, 732.4290771484375, 553.7044067382812, 382.908203125, 388.4600830078125, 441.6058044433594, 442.41558837890625, 444.7403259277344, 470.28704833984375, 451.656494140625, 459.37152099609375, 479.59576416015625, 455.09716796875, 436.8964538574219]}