{"loss": [0.02962333895266056, 0.0010715039679780602, 0.0009076796122826636, 0.0007523896056227386, 0.0007347184582613409, 0.0006080002058297396, 0.0007627828745171428, 0.0006559226894751191, 0.0006307684234343469, 0.0005299989716149867, 0.0006075908313505352, 0.0005332333967089653, 0.0005908686434850097, 0.0004834839783143252, 0.0005527843604795635, 0.0004833160783164203, 0.0005329095874913037, 0.000568774645216763, 0.00045589415822178125, 0.00044814604916609824, 0.0004699337878264487, 0.00046172659494914114, 0.00044081147643737495, 0.00047573287156410515, 0.0004872516728937626], "mae": [0.10967948287725449, 0.022427750751376152, 0.021066607907414436, 0.01909130997955799, 0.018576286733150482, 0.01719125173985958, 0.019032947719097137, 0.017616799101233482, 0.017172720283269882, 0.0160079263150692, 0.016509370878338814, 0.015895947813987732, 0.01650148257613182, 0.014699389226734638, 0.016419807448983192, 0.014460003934800625, 0.015006384812295437, 0.01616285741329193, 0.014173437841236591, 0.014197197742760181, 0.014619342051446438, 0.014758252538740635, 0.013897468335926533, 0.014554171822965145, 0.015297168865799904], "mape": [46779.859375, 6676.9921875, 14089.8642578125, 19432.90234375, 18710.58203125, 7539.87744140625, 18649.1328125, 22977.5390625, 16982.720703125, 6807.07373046875, 15415.333984375, 9941.2314453125, 2861.19580078125, 6566.41064453125, 15558.4228515625, 10937.751953125, 14972.947265625, 12252.7998046875, 5968.90673828125, 1912.9482421875, 16316.1796875, 12470.880859375, 12943.375, 12580.87890625, 11610.41015625], "val_loss": [0.08523072302341461, 0.028855083510279655, 0.017202403396368027, 0.02292809449136257, 0.01803439110517502, 0.010353301651775837, 0.01492222398519516, 0.014205791056156158, 0.012393373064696789, 0.009032782167196274, 0.012224148027598858, 0.008832458406686783, 0.008204463869333267, 0.012163231149315834, 0.006979005876928568, 0.008564935997128487, 0.010058920830488205, 0.011265652254223824, 0.007739039603620768, 0.008660182356834412, 0.010136581026017666, 0.007720522582530975, 0.014491072855889797, 0.012184317223727703, 0.013080553151667118], "val_mae": [0.2743387520313263, 0.1459532529115677, 0.10508714616298676, 0.12764838337898254, 0.11125965416431427, 0.08078545331954956, 0.09984951466321945, 0.09736475348472595, 0.09004824608564377, 0.07594113796949387, 0.09052988886833191, 0.07596702873706818, 0.07273156195878983, 0.09105711430311203, 0.06698551028966904, 0.07422047108411789, 0.08198641985654831, 0.08707185834646225, 0.0689866840839386, 0.07349248230457306, 0.0812891349196434, 0.06912338733673096, 0.09831487387418747, 0.08793957531452179, 0.09061115980148315], "val_mape": [22.998607635498047, 11.93396282196045, 8.474679946899414, 10.397734642028809, 9.039353370666504, 6.556662559509277, 8.098835945129395, 7.901926517486572, 7.305635452270508, 6.178859710693359, 7.369054317474365, 6.198153972625732, 5.931049823760986, 7.427856922149658, 5.482522010803223, 6.045987606048584, 6.692022323608398, 7.100519180297852, 5.641521453857422, 5.974970817565918, 6.610342502593994, 5.639988899230957, 7.974384784698486, 7.109798908233643, 7.312567234039307]}